Asset_1,Asset_2,Mean_Correlation
JPM,BAC,0.8272575845566346
JPM,C,0.79979886774165
BAC,C,0.7950929172222926
DUK,SO,0.7844390750833061
XOM,CVX,0.7247196558051333
KO,DUK,0.661761572234855
DD,CAT,0.6482365962529684
KO,SO,0.6421415669175436
KO,PEP,0.6215017307475929
