Asset_1,Asset_2,Mean_Correlation
JPM,BAC,0.8700608859069373
JPM,C,0.8180122444082638
BAC,C,0.7960292222836596
DUK,SO,0.7624541750989194
