Asset_1,Asset_2,Trace_Stat,Crit_Value_5%,Rank_detected,Eigenvector_1,Eigenvector_2,Cointegrated
BAC,C,13.673643011297175,15.4943,0,0.4021917983140435,-0.2581866804990133,False
JPM,BAC,9.29649541303482,15.4943,0,0.21259933647726711,-0.7642739592673727,False
