Asset_1,Asset_2,beta1_OLS,ADF_stat,ADF_pvalue,n_obs,Mean_Correlation,Stationary
BAC,C,0.5450831685714572,-2.9549439152983683,0.039321717485856895,2264,0.7960292222836596,True
JPM,BAC,3.4719332200966098,-2.9295118806912663,0.04202222805444982,2264,0.8700608859069373,True
JPM,C,1.8575493606494051,-2.0460823483427637,0.2667400160070803,2264,0.8180122444082638,False
DUK,SO,1.8775601935933874,-1.6065241386422124,0.48031543910678076,2264,0.7624541750989194,False
