Asset_1,Asset_2,beta1_OLS,ADF_stat,ADF_pvalue,n_obs,Mean_Correlation,Stationary
KO,DUK,0.5952696665241627,-5.132006853083516,1.2083656631113912e-05,3774,0.661761572234855,True
KO,SO,0.6877022629210721,-4.296208878582954,0.00045097544659603787,3774,0.6421415669175436,True
DUK,SO,1.0703295819347463,-2.8003869673004425,0.05821851380135548,3774,0.7844390750833061,False
DD,CAT,0.052863429595176814,-2.5373702284790203,0.10664443526877565,3774,0.6482365962529684,False
XOM,CVX,0.583337271173938,-1.8451823904110678,0.35827163917994764,3774,0.7247196558051333,False
KO,PEP,0.26112394071744904,-1.7233644360647868,0.41911639479853524,3774,0.6215017307475929,False
BAC,C,0.6312387689655667,-1.7106625492749363,0.42562735328022505,3774,0.7950929172222926,False
JPM,C,3.0975508177577016,-1.353154433293119,0.604517233950282,3774,0.79979886774165,False
JPM,BAC,4.90207684136636,-0.31582919533677495,0.9232323323620957,3774,0.8272575845566346,False
