Asset_1,Asset_2,Trace_Stat,Crit_Value_5%,Rank_detected,Eigenvector_1,Eigenvector_2,Cointegrated
KO,DUK,24.76040297758383,15.4943,1,0.528433709683753,-0.2561179298799916,True
KO,PEP,19.503898502572106,15.4943,1,0.5684936219353316,-0.1288548031249767,True
BAC,C,13.673643011297175,15.4943,0,0.4021917983140435,-0.2581866804990133,False
JPM,BAC,9.29649541303482,15.4943,0,0.21259933647726711,-0.7642739592673727,False
